recipient_name,address_line1,address_line2,address_line3,address_line4,reference,vat_no
Beliwewa Ihalagama Gemunu Sansa Society,Beliwewa-,Ihalagama,Alahengama,,CR004111340,1234567891234
The Divisional Director Of Health Service,-,D D H S Office,-,Alawatugoda,CR000213319,1111111117000
Pradeshiya Sabawa (Akurana),-,-,,Alawatugoda,CR000458717,7000
Warakapola Magistrate (Office),-,-,-,Alawwa,CR000093258,000000000 0000
Asoka Construction,115,Janaraja Mawatha,-,Alawwa,CR002256242,620692786 7000
Warakapola Magistrate,-,Official Residance,- ,Alawwa,CR000093259,000000000 0000
Lanka Educational Products (Pvt) Ltd,Humbuluwa,-,,Alawwa,CR003515248,1009782377000
To . CBL Global Foods Ltd,NO 145,COLOMBO ROAD,,Alawwa,CR004106243,139051262 7000
Ritz Clothing Alawwa (pvt) Ltd,,Giriulla Road,Humbuluwa,Alawwa,CR004467899,1009866127000
Trim-Fit (Pvt) Ltd,-,Nelum Deniya Road,Opatha,Alawwa,CR001605320,114368199 7000
Trim-Fit (Pvt) Ltd,81,Colombo Road,Wariyagoda,Alawwa,CR001596169,114368199 7000
Cbl Cocos (Private) Limited,145,Colombo Road,Wariyagoda,Alawwa,CR003164893,174909792 7000
CBL GLOBAL FOODS LIMITED,NO 145,COLOMBO ROAD,WARIYAGODA,Alawwa,CR006804593,1390512627000
Mr NRM_TEST,46357,Nidahas MW,Allaveddi,,CR002309890,7000
J S W Apprells ,2,Arukgoda Road,-,Alubomulla,CR000190060,1140552717000
Mr M D L D Silva,77,Ariyawatta,-,Alubomulla,CR000189949,000000000 0000
D N N Hapuarachchi,,-,Mahabellana,Alubomulla,CR001031230, 409070660 7000 
Beruwala Provincial Council,,Daglas Gunawardana Mawatha ,-,Alutgama,CR000097701,7000
GLAMOUR GATE (PVT) LTD,"No.50/A, ",Galle Road,,Alutgama,CR004749453,1073438227000
Mr B G C Pradeepkumara,Abans Show Room151/1,Galle Road,-,Alutgama,CR000508881, 104080065 7000 
Mr T D M H S De Silva ,"9/1, Chandana ",Hospital Road ,-,Alutgama,CR000325808,7000
